Sale_ID,Customer_Name,Country,Product,Sale_Date,Quantity,Price,Discount,Region,Revenue
S1000,unknown,Usa,Laptop,2026-01-05,2.0,1000.0,10.0,Unknown,Unknown
S1001,john,Unknown,Laptop,,Unknown,2500.0,5.0,North,Unknown
s1002,john,India,Laptop,,2.0,2500.0,10.0,North,25000.0
S1003,unknown,India,Unknown,,2.0,2500.0,0.0,Unknown,5000.0
s1004,john,India,Phone,2026-01-05,2.0,2500.0,Unknown,North,25000.0
s1005,john,India,Unknown,2026-01-05,2.0,Unknown,10.0,North,5000.0
s1006,unknown,India,Laptop,2026-01-05,2.0,Unknown,Unknown,North,10000.0
S1007,john,Unknown,Unknown,2026-01-05,5.0,Unknown,5.0,North,Unknown
s1008,unknown,India,Laptop,,Unknown,Unknown,5.0,Unknown,10000.0
Unknown,mary,India,Laptop,,Unknown,Unknown,5.0,Unknown,5000.0
S1010,john,Usa,Phone,,2.0,1000.0,Unknown,North,5000.0
s1011,john,India,Laptop,,1.0,5000.0,5.0,North,Unknown
Unknown,unknown,India,Laptop,2026-01-05,5.0,1000.0,Unknown,North,25000.0
s1013,john,India,Laptop,2026-01-05,5.0,Unknown,5.0,North,5000.0
Unknown,john,Usa,Unknown,2026-01-05,1.0,Unknown,0.0,North,25000.0
s1015,john,India,Phone,,Unknown,Unknown,0.0,North,Unknown
s1016,mary,Usa,Phone,,1.0,2500.0,5.0,North,Unknown
S1017,mary,India,Phone,,1.0,Unknown,0.0,North,5000.0
s1018,unknown,Usa,Laptop,2026-01-05,1.0,2500.0,Unknown,North,5000.0
S1019,john,India,Unknown,,Unknown,Unknown,0.0,Unknown,10000.0
s1020,john,Unknown,Laptop,2026-01-05,2.0,2500.0,0.0,North,10000.0
Unknown,john,India,Laptop,,1.0,1000.0,Unknown,Unknown,10000.0
S1022,unknown,Unknown,Laptop,2026-01-05,Unknown,2500.0,Unknown,North,25000.0
S1023,john,India,Unknown,,Unknown,2500.0,5.0,Unknown,25000.0
s1024,john,Usa,Laptop,2026-01-05,1.0,2500.0,0.0,North,Unknown
S1025,john,India,Laptop,,Unknown,Unknown,Unknown,North,10000.0
Unknown,john,Usa,Unknown,2026-01-05,Unknown,Unknown,0.0,North,10000.0
Unknown,john,India,Laptop,,Unknown,Unknown,Unknown,North,5000.0
s1028,unknown,Unknown,Laptop,2026-01-05,1.0,Unknown,0.0,North,Unknown
S1029,unknown,Unknown,Laptop,2026-01-05,Unknown,2500.0,Unknown,North,Unknown
s1030,john,India,Unknown,2026-01-05,5.0,5000.0,Unknown,North,25000.0
Unknown,john,India,Laptop,2026-01-05,1.0,2500.0,10.0,North,5000.0
s1032,john,India,Laptop,2026-01-05,2.0,Unknown,5.0,North,5000.0
Unknown,mary,Unknown,Laptop,2026-01-05,Unknown,1000.0,Unknown,North,25000.0
S1034,unknown,India,Laptop,,5.0,Unknown,0.0,Unknown,Unknown
S1035,mary,Usa,Laptop,2026-01-05,Unknown,1000.0,0.0,Unknown,Unknown
s1036,john,Unknown,Laptop,,1.0,1000.0,10.0,North,5000.0
Unknown,john,India,Phone,2026-01-05,2.0,1000.0,5.0,North,25000.0
s1038,john,Usa,Phone,,Unknown,Unknown,5.0,North,10000.0
s1039,unknown,India,Laptop,2026-01-05,Unknown,Unknown,10.0,North,Unknown
Unknown,mary,India,Laptop,,Unknown,Unknown,0.0,North,5000.0
Unknown,unknown,India,Unknown,2026-01-05,Unknown,2500.0,5.0,North,Unknown
S1042,unknown,Usa,Laptop,,Unknown,Unknown,0.0,North,Unknown
Unknown,john,India,Phone,,2.0,2500.0,Unknown,Unknown,Unknown
S1044,unknown,India,Phone,,5.0,Unknown,0.0,Unknown,Unknown
s1045,mary,Usa,Laptop,2026-01-05,Unknown,Unknown,Unknown,North,Unknown
s1046,john,India,Laptop,,5.0,5000.0,5.0,North,Unknown
S1047,mary,India,Unknown,2026-01-05,Unknown,2500.0,5.0,North,Unknown
Unknown,unknown,India,Laptop,,1.0,Unknown,5.0,Unknown,Unknown
Unknown,mary,India,Laptop,2026-01-05,Unknown,Unknown,5.0,North,10000.0
s1050,john,India,Laptop,,1.0,5000.0,10.0,North,25000.0
S1051,unknown,Unknown,Unknown,,Unknown,5000.0,5.0,North,Unknown
S1052,mary,Usa,Unknown,,Unknown,2500.0,0.0,North,25000.0
Unknown,unknown,Usa,Laptop,2026-01-05,1.0,2500.0,Unknown,Unknown,10000.0
s1054,john,India,Phone,,Unknown,Unknown,5.0,Unknown,5000.0
S1055,john,India,Phone,2026-01-05,Unknown,Unknown,10.0,North,5000.0
S1056,john,India,Laptop,,2.0,2500.0,Unknown,North,25000.0
Unknown,john,India,Laptop,,1.0,2500.0,5.0,North,Unknown
s1058,john,Unknown,Laptop,,1.0,Unknown,5.0,Unknown,Unknown
S1059,unknown,Unknown,Phone,2026-01-05,5.0,Unknown,Unknown,Unknown,25000.0
s1060,john,Unknown,Laptop,,5.0,Unknown,Unknown,Unknown,10000.0
S1061,unknown,Usa,Unknown,,5.0,1000.0,5.0,North,Unknown
Unknown,mary,India,Unknown,2026-01-05,1.0,1000.0,Unknown,North,Unknown
Unknown,john,Unknown,Unknown,2026-01-05,Unknown,Unknown,0.0,North,5000.0
s1064,mary,India,Laptop,,5.0,2500.0,Unknown,North,Unknown
S1065,unknown,India,Unknown,2026-01-05,Unknown,1000.0,Unknown,North,10000.0
s1066,john,India,Phone,,Unknown,1000.0,0.0,North,25000.0
S1067,john,India,Unknown,2026-01-05,2.0,2500.0,Unknown,Unknown,5000.0
Unknown,john,India,Laptop,2026-01-05,5.0,Unknown,0.0,North,5000.0
Unknown,john,India,Unknown,,1.0,2500.0,Unknown,North,Unknown
S1070,john,India,Laptop,,1.0,5000.0,0.0,North,10000.0
s1071,john,India,Unknown,,Unknown,Unknown,Unknown,North,25000.0
Unknown,john,Usa,Unknown,2026-01-05,2.0,Unknown,5.0,Unknown,5000.0
Unknown,john,India,Laptop,2026-01-05,2.0,1000.0,Unknown,North,25000.0
s1074,john,India,Laptop,2026-01-05,Unknown,5000.0,0.0,Unknown,5000.0
S1075,unknown,India,Laptop,2026-01-05,Unknown,Unknown,Unknown,North,10000.0
S1076,john,India,Unknown,,Unknown,1000.0,0.0,Unknown,25000.0
s1077,unknown,Unknown,Laptop,2026-01-05,1.0,Unknown,Unknown,North,Unknown
s1078,john,India,Phone,2026-01-05,Unknown,Unknown,5.0,North,5000.0
s1079,mary,Usa,Laptop,2026-01-05,1.0,5000.0,0.0,North,Unknown
S1080,mary,India,Laptop,,Unknown,2500.0,Unknown,North,5000.0
Unknown,john,Usa,Laptop,,2.0,2500.0,Unknown,Unknown,Unknown
Unknown,john,Unknown,Laptop,,5.0,Unknown,10.0,North,5000.0
S1083,john,India,Phone,2026-01-05,Unknown,5000.0,0.0,North,Unknown
s1084,unknown,India,Laptop,2026-01-05,Unknown,1000.0,Unknown,North,10000.0
Unknown,unknown,India,Laptop,2026-01-05,Unknown,Unknown,Unknown,Unknown,25000.0
S1086,john,Unknown,Unknown,2026-01-05,Unknown,1000.0,5.0,North,Unknown
Unknown,john,India,Unknown,,5.0,1000.0,10.0,North,Unknown
S1088,mary,India,Phone,2026-01-05,2.0,Unknown,Unknown,North,5000.0
s1089,john,Usa,Unknown,,Unknown,2500.0,10.0,North,25000.0
S1090,john,Usa,Laptop,,1.0,2500.0,10.0,North,Unknown
s1091,john,India,Laptop,2026-01-05,Unknown,5000.0,Unknown,North,Unknown
S1092,unknown,India,Laptop,2026-01-05,2.0,Unknown,Unknown,North,25000.0
Unknown,john,India,Laptop,2026-01-05,5.0,1000.0,0.0,Unknown,25000.0
Unknown,mary,India,Unknown,2026-01-05,Unknown,Unknown,0.0,Unknown,25000.0
Unknown,john,Unknown,Laptop,2026-01-05,Unknown,Unknown,Unknown,Unknown,Unknown
S1096,john,India,Laptop,,1.0,2500.0,0.0,North,10000.0
Unknown,mary,India,Unknown,,1.0,Unknown,10.0,North,Unknown
s1098,mary,India,Unknown,2026-01-05,5.0,5000.0,10.0,North,5000.0
s1099,john,Usa,Phone,,Unknown,2500.0,10.0,North,Unknown
s1100,unknown,India,Laptop,2026-01-05,1.0,5000.0,Unknown,North,5000.0
S1101,john,India,Laptop,2026-01-05,1.0,5000.0,Unknown,Unknown,Unknown
s1102,john,India,Laptop,,Unknown,1000.0,10.0,North,25000.0
Unknown,john,Usa,Laptop,,Unknown,2500.0,5.0,North,25000.0
Unknown,john,India,Phone,,5.0,1000.0,10.0,North,Unknown
S1105,john,India,Laptop,2026-01-05,5.0,5000.0,5.0,Unknown,10000.0
Unknown,unknown,Usa,Laptop,,Unknown,5000.0,10.0,Unknown,Unknown
Unknown,john,India,Laptop,2026-01-05,5.0,1000.0,5.0,Unknown,Unknown
Unknown,mary,India,Laptop,,Unknown,5000.0,Unknown,North,25000.0
Unknown,john,Unknown,Laptop,,Unknown,Unknown,Unknown,North,Unknown
Unknown,unknown,India,Laptop,,1.0,Unknown,0.0,North,10000.0
Unknown,mary,India,Phone,,5.0,1000.0,0.0,North,25000.0
Unknown,mary,Usa,Unknown,2026-01-05,1.0,1000.0,10.0,Unknown,10000.0
S1113,john,Usa,Laptop,,5.0,Unknown,Unknown,North,Unknown
S1114,unknown,India,Laptop,,1.0,Unknown,Unknown,North,10000.0
s1115,mary,Unknown,Unknown,2026-01-05,Unknown,5000.0,10.0,North,Unknown
s1116,john,Usa,Laptop,,5.0,2500.0,10.0,Unknown,10000.0
s1117,john,India,Laptop,,Unknown,1000.0,Unknown,North,10000.0
Unknown,john,India,Laptop,,Unknown,5000.0,Unknown,Unknown,5000.0
Unknown,unknown,India,Laptop,,Unknown,1000.0,0.0,North,Unknown
S1120,mary,India,Laptop,2026-01-05,Unknown,Unknown,10.0,Unknown,25000.0
S1121,john,Unknown,Laptop,2026-01-05,Unknown,2500.0,Unknown,North,Unknown
S1122,john,Unknown,Unknown,2026-01-05,2.0,2500.0,10.0,North,5000.0
Unknown,john,India,Laptop,,Unknown,2500.0,5.0,North,10000.0
s1124,unknown,India,Laptop,,Unknown,5000.0,5.0,Unknown,Unknown
s1125,mary,India,Laptop,,5.0,1000.0,10.0,North,5000.0
Unknown,unknown,Usa,Laptop,2026-01-05,1.0,2500.0,10.0,North,Unknown
S1127,john,India,Unknown,,Unknown,Unknown,Unknown,Unknown,5000.0
Unknown,john,Unknown,Unknown,2026-01-05,1.0,2500.0,5.0,North,10000.0
Unknown,john,Usa,Laptop,,1.0,2500.0,10.0,Unknown,10000.0
S1130,john,Unknown,Phone,,Unknown,Unknown,Unknown,North,10000.0
s1131,john,India,Unknown,,1.0,5000.0,Unknown,North,Unknown
s1132,unknown,India,Phone,,5.0,1000.0,5.0,Unknown,25000.0
S1133,unknown,Usa,Laptop,,2.0,Unknown,Unknown,North,Unknown
S1134,john,India,Phone,,Unknown,2500.0,Unknown,North,Unknown
S1135,john,Usa,Laptop,,Unknown,5000.0,5.0,North,5000.0
s1136,john,Unknown,Phone,2026-01-05,2.0,2500.0,0.0,Unknown,10000.0
Unknown,john,Usa,Phone,,Unknown,Unknown,Unknown,North,Unknown
S1138,unknown,India,Laptop,2026-01-05,2.0,1000.0,5.0,Unknown,Unknown
Unknown,john,India,Laptop,2026-01-05,2.0,2500.0,5.0,North,10000.0
s1140,john,Unknown,Phone,2026-01-05,5.0,5000.0,Unknown,North,10000.0
S1141,john,India,Unknown,2026-01-05,1.0,1000.0,Unknown,North,Unknown
s1142,unknown,India,Unknown,2026-01-05,Unknown,Unknown,5.0,North,Unknown
S1143,john,Unknown,Unknown,2026-01-05,1.0,Unknown,Unknown,Unknown,Unknown
S1144,john,India,Unknown,,5.0,5000.0,5.0,North,10000.0
s1145,john,Usa,Laptop,,1.0,2500.0,Unknown,North,25000.0
Unknown,john,India,Laptop,2026-01-05,5.0,5000.0,0.0,North,5000.0
s1147,john,India,Laptop,2026-01-05,5.0,Unknown,10.0,North,10000.0
S1148,unknown,Usa,Laptop,,2.0,2500.0,Unknown,North,25000.0
S1149,john,India,Laptop,,Unknown,Unknown,Unknown,North,Unknown
S1150,john,India,Laptop,,2.0,5000.0,10.0,Unknown,10000.0
S1151,john,India,Phone,,Unknown,5000.0,10.0,North,Unknown
Unknown,john,Usa,Laptop,2026-01-05,Unknown,Unknown,10.0,North,Unknown
s1153,john,Unknown,Laptop,2026-01-05,1.0,2500.0,5.0,North,Unknown
s1154,john,Unknown,Laptop,2026-01-05,5.0,5000.0,0.0,Unknown,Unknown
Unknown,john,Unknown,Phone,2026-01-05,1.0,1000.0,Unknown,North,Unknown
S1156,unknown,India,Phone,,Unknown,5000.0,Unknown,Unknown,Unknown
Unknown,john,India,Laptop,,Unknown,5000.0,Unknown,North,25000.0
s1158,mary,India,Phone,,Unknown,2500.0,5.0,North,10000.0
S1159,john,India,Laptop,,5.0,Unknown,5.0,North,Unknown
Unknown,john,India,Phone,,Unknown,2500.0,0.0,North,10000.0
S1161,john,India,Laptop,2026-01-05,Unknown,1000.0,Unknown,North,Unknown
S1162,john,Unknown,Laptop,,Unknown,Unknown,5.0,North,25000.0
Unknown,unknown,India,Laptop,,Unknown,5000.0,Unknown,North,5000.0
Unknown,john,India,Laptop,,5.0,Unknown,Unknown,North,10000.0
S1165,unknown,India,Phone,2026-01-05,5.0,Unknown,5.0,North,10000.0
s1166,mary,India,Phone,,2.0,1000.0,0.0,North,Unknown
Unknown,john,Usa,Laptop,2026-01-05,1.0,1000.0,Unknown,North,Unknown
S1168,mary,India,Laptop,2026-01-05,5.0,5000.0,Unknown,North,25000.0
s1169,john,India,Laptop,,2.0,Unknown,Unknown,North,5000.0
S1170,john,India,Phone,2026-01-05,2.0,1000.0,Unknown,North,5000.0
S1171,john,Usa,Unknown,2026-01-05,2.0,Unknown,Unknown,Unknown,25000.0
Unknown,unknown,India,Phone,,Unknown,Unknown,Unknown,North,5000.0
s1173,john,India,Laptop,2026-01-05,2.0,1000.0,5.0,Unknown,5000.0
Unknown,unknown,Unknown,Unknown,,5.0,1000.0,Unknown,North,5000.0
Unknown,mary,India,Phone,,5.0,2500.0,5.0,Unknown,10000.0
Unknown,john,Usa,Laptop,,Unknown,2500.0,0.0,North,25000.0
s1177,unknown,Usa,Unknown,,Unknown,1000.0,0.0,North,25000.0
Unknown,mary,India,Phone,2026-01-05,Unknown,1000.0,Unknown,North,Unknown
s1179,john,India,Unknown,2026-01-05,Unknown,Unknown,5.0,North,10000.0
s1180,john,India,Unknown,,Unknown,1000.0,10.0,North,5000.0
Unknown,john,Usa,Phone,2026-01-05,5.0,5000.0,5.0,North,10000.0
s1182,john,Usa,Phone,,2.0,Unknown,10.0,North,Unknown
S1183,mary,India,Phone,,1.0,Unknown,10.0,North,25000.0
S1184,john,India,Phone,,Unknown,Unknown,0.0,North,25000.0
s1185,mary,Usa,Laptop,,2.0,2500.0,Unknown,North,Unknown
Unknown,john,India,Laptop,2026-01-05,Unknown,5000.0,10.0,Unknown,Unknown
s1187,john,India,Laptop,,Unknown,Unknown,0.0,North,10000.0
S1188,john,Unknown,Unknown,2026-01-05,1.0,2500.0,0.0,North,10000.0
s1189,unknown,Usa,Laptop,2026-01-05,1.0,1000.0,5.0,North,10000.0
Unknown,john,India,Laptop,2026-01-05,Unknown,Unknown,10.0,North,10000.0
S1191,unknown,India,Laptop,2026-01-05,Unknown,1000.0,5.0,North,10000.0
Unknown,john,Unknown,Phone,,2.0,Unknown,0.0,North,25000.0
S1193,john,India,Laptop,2026-01-05,Unknown,Unknown,Unknown,North,25000.0
S1194,john,India,Unknown,,Unknown,1000.0,5.0,North,5000.0
S1195,john,Unknown,Unknown,2026-01-05,2.0,Unknown,Unknown,Unknown,10000.0
S1196,john,Unknown,Laptop,2026-01-05,5.0,1000.0,0.0,Unknown,5000.0
s1197,john,India,Phone,2026-01-05,Unknown,1000.0,5.0,Unknown,10000.0
S1198,john,India,Laptop,2026-01-05,Unknown,2500.0,Unknown,North,Unknown
Unknown,unknown,India,Laptop,,1.0,1000.0,5.0,North,5000.0
s1200,john,India,Phone,2026-01-05,5.0,Unknown,10.0,Unknown,Unknown
Unknown,john,India,Unknown,,1.0,Unknown,Unknown,North,10000.0
s1202,john,India,Laptop,2026-01-05,1.0,1000.0,Unknown,North,Unknown
Unknown,john,Usa,Laptop,2026-01-05,1.0,5000.0,5.0,North,10000.0
Unknown,mary,Usa,Unknown,,Unknown,5000.0,10.0,North,25000.0
Unknown,mary,Unknown,Laptop,,2.0,Unknown,5.0,North,Unknown
Unknown,john,India,Laptop,2026-01-05,2.0,5000.0,5.0,North,25000.0
s1207,john,India,Laptop,2026-01-05,Unknown,Unknown,5.0,North,Unknown
s1208,john,India,Laptop,2026-01-05,1.0,2500.0,Unknown,North,Unknown
S1209,john,India,Laptop,,Unknown,2500.0,Unknown,North,Unknown
Unknown,john,Unknown,Laptop,,Unknown,Unknown,10.0,North,Unknown
s1211,john,Unknown,Laptop,2026-01-05,Unknown,Unknown,5.0,North,10000.0
Unknown,john,India,Phone,2026-01-05,1.0,5000.0,5.0,North,Unknown
s1213,mary,India,Laptop,,2.0,Unknown,Unknown,Unknown,Unknown
S1214,john,India,Laptop,2026-01-05,1.0,2500.0,10.0,North,Unknown
s1215,john,India,Laptop,2026-01-05,Unknown,2500.0,Unknown,North,25000.0
S1216,john,India,Laptop,2026-01-05,Unknown,5000.0,Unknown,North,10000.0
s1217,john,Unknown,Unknown,2026-01-05,Unknown,Unknown,10.0,North,10000.0
S1218,john,Usa,Unknown,,Unknown,Unknown,Unknown,North,5000.0
s1219,john,Usa,Laptop,,1.0,Unknown,10.0,North,25000.0
Unknown,john,India,Phone,,5.0,Unknown,5.0,North,10000.0
S1221,john,India,Phone,,5.0,1000.0,10.0,North,Unknown
s1222,john,Unknown,Phone,,Unknown,2500.0,Unknown,Unknown,10000.0
S1223,unknown,Usa,Phone,2026-01-05,5.0,Unknown,0.0,North,Unknown
Unknown,mary,India,Unknown,2026-01-05,5.0,1000.0,5.0,North,10000.0
s1225,john,Unknown,Laptop,2026-01-05,Unknown,5000.0,0.0,North,Unknown
Unknown,unknown,Usa,Unknown,2026-01-05,1.0,1000.0,Unknown,North,Unknown
Unknown,mary,Usa,Laptop,,2.0,Unknown,10.0,North,Unknown
Unknown,john,India,Laptop,2026-01-05,2.0,2500.0,Unknown,North,Unknown
S1229,mary,Usa,Unknown,,Unknown,5000.0,10.0,North,10000.0
s1230,john,Usa,Laptop,2026-01-05,Unknown,Unknown,Unknown,North,5000.0
S1231,john,India,Laptop,,1.0,1000.0,Unknown,North,5000.0
Unknown,unknown,India,Laptop,,Unknown,5000.0,Unknown,North,Unknown
Unknown,john,India,Laptop,,1.0,Unknown,Unknown,Unknown,Unknown
S1234,mary,Usa,Phone,2026-01-05,5.0,5000.0,0.0,North,5000.0
Unknown,john,Usa,Phone,2026-01-05,1.0,1000.0,Unknown,North,5000.0
S1236,john,India,Laptop,,2.0,Unknown,Unknown,North,10000.0
Unknown,john,Usa,Laptop,,5.0,2500.0,0.0,North,10000.0
Unknown,john,India,Unknown,,1.0,Unknown,0.0,North,Unknown
S1239,john,Usa,Laptop,2026-01-05,2.0,Unknown,0.0,Unknown,5000.0
S1240,john,Unknown,Laptop,,Unknown,1000.0,0.0,Unknown,5000.0
s1241,john,Usa,Laptop,2026-01-05,Unknown,1000.0,5.0,North,25000.0
Unknown,mary,Unknown,Phone,,Unknown,2500.0,Unknown,North,10000.0
Unknown,john,Usa,Phone,,Unknown,1000.0,0.0,Unknown,Unknown
s1244,unknown,Unknown,Laptop,2026-01-05,5.0,2500.0,0.0,North,25000.0
s1245,mary,India,Laptop,2026-01-05,Unknown,Unknown,0.0,North,Unknown
Unknown,mary,India,Phone,2026-01-05,Unknown,Unknown,Unknown,North,25000.0
Unknown,mary,India,Laptop,2026-01-05,Unknown,1000.0,Unknown,North,Unknown
s1248,john,Usa,Laptop,,Unknown,5000.0,Unknown,North,Unknown
s1249,john,India,Laptop,,5.0,2500.0,Unknown,North,5000.0
Unknown,john,Usa,Laptop,,2.0,2500.0,Unknown,North,Unknown
Unknown,mary,India,Laptop,2026-01-05,Unknown,Unknown,0.0,North,25000.0
Unknown,john,India,Unknown,2026-01-05,Unknown,2500.0,Unknown,North,5000.0
S1253,john,Unknown,Laptop,,2.0,Unknown,10.0,North,25000.0
S1254,john,India,Laptop,2026-01-05,Unknown,5000.0,Unknown,North,25000.0
S1255,john,Usa,Laptop,2026-01-05,2.0,Unknown,5.0,North,10000.0
Unknown,mary,India,Laptop,,Unknown,2500.0,Unknown,North,25000.0
S1257,john,Usa,Phone,,2.0,Unknown,0.0,Unknown,Unknown
Unknown,john,India,Laptop,2026-01-05,Unknown,1000.0,Unknown,Unknown,Unknown
s1259,unknown,India,Laptop,,Unknown,Unknown,10.0,North,Unknown
S1260,unknown,India,Laptop,,Unknown,2500.0,5.0,North,10000.0
s1261,unknown,India,Laptop,,Unknown,5000.0,Unknown,Unknown,5000.0
Unknown,unknown,Unknown,Phone,,Unknown,2500.0,10.0,Unknown,Unknown
s1263,mary,India,Unknown,2026-01-05,5.0,2500.0,Unknown,North,Unknown
s1264,unknown,Usa,Laptop,2026-01-05,1.0,1000.0,Unknown,North,25000.0
S1265,john,India,Unknown,,5.0,Unknown,Unknown,North,5000.0
Unknown,unknown,Usa,Unknown,2026-01-05,2.0,Unknown,Unknown,North,25000.0
s1267,john,India,Phone,,5.0,1000.0,0.0,North,Unknown
S1268,john,Usa,Phone,2026-01-05,5.0,1000.0,Unknown,North,10000.0
s1269,john,India,Phone,,Unknown,1000.0,5.0,North,Unknown
S1270,john,India,Phone,,5.0,Unknown,Unknown,North,5000.0
Unknown,mary,India,Laptop,,5.0,2500.0,0.0,North,10000.0
s1272,john,Usa,Laptop,,1.0,5000.0,10.0,North,Unknown
Unknown,john,India,Laptop,,2.0,2500.0,Unknown,North,25000.0
S1274,mary,Usa,Phone,2026-01-05,Unknown,2500.0,Unknown,North,10000.0
Unknown,john,India,Unknown,2026-01-05,Unknown,Unknown,5.0,North,5000.0
S1276,john,India,Laptop,2026-01-05,Unknown,2500.0,10.0,North,Unknown
Unknown,john,Unknown,Laptop,2026-01-05,Unknown,2500.0,Unknown,North,Unknown
S1278,unknown,India,Laptop,2026-01-05,Unknown,1000.0,Unknown,North,Unknown
Unknown,john,India,Phone,2026-01-05,5.0,Unknown,0.0,North,5000.0
S1280,john,India,Laptop,2026-01-05,Unknown,5000.0,10.0,North,25000.0
S1281,unknown,India,Phone,2026-01-05,5.0,Unknown,5.0,Unknown,5000.0
Unknown,mary,India,Phone,,Unknown,Unknown,Unknown,North,5000.0
S1283,john,India,Unknown,,Unknown,Unknown,0.0,North,10000.0
Unknown,john,Usa,Laptop,2026-01-05,1.0,Unknown,Unknown,North,25000.0
s1285,mary,Usa,Laptop,2026-01-05,Unknown,1000.0,Unknown,Unknown,Unknown
S1286,john,Unknown,Laptop,2026-01-05,2.0,Unknown,10.0,North,5000.0
s1287,john,India,Unknown,,Unknown,5000.0,5.0,North,Unknown
Unknown,john,India,Laptop,2026-01-05,5.0,5000.0,Unknown,North,5000.0
Unknown,unknown,India,Unknown,2026-01-05,Unknown,5000.0,5.0,North,25000.0
S1290,john,Usa,Laptop,,1.0,2500.0,10.0,Unknown,Unknown
Unknown,unknown,India,Unknown,,2.0,1000.0,0.0,North,Unknown
Unknown,john,India,Phone,,Unknown,5000.0,10.0,North,5000.0
S1293,unknown,India,Laptop,,Unknown,Unknown,Unknown,Unknown,5000.0
s1294,unknown,India,Laptop,,5.0,1000.0,Unknown,Unknown,Unknown
S1295,john,Unknown,Laptop,,5.0,1000.0,5.0,Unknown,25000.0
S1296,john,India,Phone,2026-01-05,2.0,1000.0,5.0,North,10000.0
Unknown,unknown,India,Laptop,2026-01-05,Unknown,Unknown,Unknown,North,Unknown
S1298,mary,India,Phone,2026-01-05,2.0,Unknown,0.0,North,25000.0
s1299,unknown,India,Phone,,Unknown,5000.0,10.0,Unknown,Unknown
S1300,john,India,Unknown,2026-01-05,Unknown,Unknown,Unknown,North,Unknown
Unknown,john,India,Laptop,2026-01-05,Unknown,5000.0,0.0,North,Unknown
S1302,john,Unknown,Laptop,,1.0,5000.0,Unknown,North,25000.0
s1303,unknown,Unknown,Phone,,5.0,Unknown,0.0,North,Unknown
Unknown,john,India,Unknown,,Unknown,1000.0,Unknown,North,25000.0
s1305,unknown,India,Laptop,,5.0,5000.0,Unknown,North,10000.0
S1306,john,India,Laptop,2026-01-05,1.0,2500.0,Unknown,North,25000.0
Unknown,unknown,Usa,Laptop,,Unknown,1000.0,10.0,North,25000.0
S1308,mary,India,Laptop,2026-01-05,Unknown,1000.0,Unknown,North,Unknown
S1309,mary,India,Laptop,2026-01-05,5.0,Unknown,5.0,North,10000.0
S1310,unknown,India,Laptop,,Unknown,5000.0,0.0,North,10000.0
S1311,mary,India,Laptop,,2.0,1000.0,Unknown,North,5000.0
S1312,john,Usa,Laptop,2026-01-05,Unknown,2500.0,Unknown,North,5000.0
s1313,unknown,India,Laptop,2026-01-05,Unknown,Unknown,Unknown,Unknown,Unknown
Unknown,unknown,Usa,Laptop,2026-01-05,Unknown,Unknown,Unknown,North,25000.0
Unknown,john,India,Unknown,,5.0,Unknown,0.0,Unknown,Unknown
s1316,mary,Usa,Laptop,2026-01-05,Unknown,1000.0,10.0,North,25000.0
Unknown,unknown,Usa,Laptop,2026-01-05,2.0,Unknown,0.0,North,10000.0
s1318,mary,India,Laptop,,Unknown,Unknown,Unknown,North,Unknown
S1319,mary,Usa,Unknown,2026-01-05,5.0,2500.0,Unknown,Unknown,Unknown
S1320,john,Unknown,Phone,,5.0,1000.0,Unknown,Unknown,Unknown
S1321,mary,Unknown,Laptop,2026-01-05,2.0,2500.0,0.0,North,Unknown
Unknown,john,India,Phone,2026-01-05,Unknown,Unknown,Unknown,North,Unknown
Unknown,unknown,India,Phone,2026-01-05,5.0,5000.0,10.0,North,Unknown
S1324,unknown,Usa,Laptop,2026-01-05,1.0,1000.0,5.0,Unknown,25000.0
S1325,mary,India,Laptop,,Unknown,Unknown,5.0,North,10000.0
s1326,mary,India,Unknown,,5.0,Unknown,0.0,North,Unknown
s1327,mary,Unknown,Laptop,2026-01-05,2.0,5000.0,5.0,Unknown,Unknown
s1328,john,India,Unknown,2026-01-05,5.0,5000.0,10.0,North,Unknown
S1329,mary,India,Unknown,2026-01-05,Unknown,Unknown,Unknown,Unknown,5000.0
Unknown,unknown,India,Laptop,,1.0,1000.0,10.0,North,Unknown
S1331,john,India,Unknown,,Unknown,Unknown,5.0,North,Unknown
S1332,unknown,India,Phone,2026-01-05,1.0,2500.0,Unknown,Unknown,Unknown
s1333,john,Unknown,Phone,2026-01-05,Unknown,1000.0,Unknown,North,Unknown
S1334,john,Usa,Laptop,2026-01-05,1.0,Unknown,10.0,North,25000.0
S1335,unknown,India,Laptop,2026-01-05,5.0,2500.0,10.0,Unknown,25000.0
S1336,john,India,Laptop,2026-01-05,Unknown,Unknown,Unknown,North,Unknown
S1337,john,India,Unknown,,1.0,Unknown,Unknown,North,10000.0
S1338,mary,India,Laptop,,Unknown,1000.0,0.0,North,Unknown
s1339,john,Unknown,Unknown,2026-01-05,Unknown,1000.0,5.0,North,Unknown
Unknown,unknown,India,Unknown,2026-01-05,Unknown,1000.0,5.0,North,5000.0
s1341,john,Unknown,Laptop,,1.0,5000.0,5.0,North,Unknown
s1342,john,India,Laptop,,5.0,Unknown,10.0,Unknown,5000.0
s1343,john,India,Laptop,,5.0,5000.0,Unknown,North,25000.0
Unknown,mary,India,Phone,2026-01-05,5.0,2500.0,Unknown,North,10000.0
S1345,john,Usa,Phone,2026-01-05,1.0,1000.0,Unknown,North,5000.0
s1346,john,India,Laptop,2026-01-05,1.0,2500.0,10.0,North,Unknown
s1347,john,India,Laptop,,2.0,1000.0,5.0,North,Unknown
s1348,john,Unknown,Phone,2026-01-05,1.0,1000.0,Unknown,Unknown,Unknown
s1349,john,India,Laptop,,5.0,Unknown,5.0,North,25000.0
Unknown,john,India,Unknown,2026-01-05,Unknown,Unknown,Unknown,North,10000.0
S1351,mary,India,Unknown,,Unknown,2500.0,5.0,Unknown,10000.0
Unknown,john,India,Phone,,2.0,5000.0,5.0,North,Unknown
Unknown,john,Usa,Phone,,2.0,Unknown,10.0,North,25000.0
s1354,john,Unknown,Laptop,,Unknown,1000.0,0.0,Unknown,Unknown
Unknown,unknown,Unknown,Phone,2026-01-05,1.0,Unknown,Unknown,North,Unknown
S1356,mary,India,Unknown,,2.0,1000.0,Unknown,Unknown,5000.0
S1357,john,Unknown,Laptop,,2.0,1000.0,5.0,Unknown,Unknown
s1358,unknown,India,Laptop,2026-01-05,2.0,Unknown,Unknown,North,Unknown
Unknown,unknown,India,Phone,2026-01-05,2.0,Unknown,Unknown,North,10000.0
Unknown,john,India,Laptop,2026-01-05,2.0,Unknown,10.0,North,Unknown
s1361,mary,India,Laptop,2026-01-05,Unknown,Unknown,Unknown,North,Unknown
s1362,john,India,Unknown,,1.0,5000.0,0.0,Unknown,Unknown
S1363,john,India,Laptop,2026-01-05,5.0,1000.0,Unknown,North,25000.0
s1364,john,India,Laptop,2026-01-05,Unknown,Unknown,10.0,North,Unknown
S1365,john,India,Laptop,,5.0,1000.0,5.0,North,25000.0
S1366,mary,India,Unknown,2026-01-05,Unknown,2500.0,0.0,Unknown,Unknown
s1367,john,India,Laptop,2026-01-05,Unknown,Unknown,Unknown,North,10000.0
S1368,john,Unknown,Laptop,,Unknown,Unknown,10.0,North,Unknown
Unknown,mary,India,Laptop,,Unknown,2500.0,Unknown,North,5000.0
s1370,john,India,Unknown,,2.0,1000.0,0.0,North,10000.0
s1371,john,India,Laptop,2026-01-05,5.0,2500.0,Unknown,Unknown,5000.0
s1372,john,India,Laptop,,2.0,Unknown,10.0,North,Unknown
s1373,john,India,Unknown,,1.0,2500.0,5.0,North,Unknown
s1374,john,India,Phone,2026-01-05,Unknown,1000.0,5.0,North,Unknown
s1375,john,India,Unknown,2026-01-05,Unknown,2500.0,0.0,Unknown,5000.0
s1376,john,India,Phone,,1.0,Unknown,5.0,North,5000.0
Unknown,john,Usa,Laptop,2026-01-05,2.0,1000.0,5.0,North,Unknown
S1378,john,Usa,Laptop,,2.0,Unknown,5.0,North,25000.0
Unknown,john,India,Laptop,2026-01-05,Unknown,5000.0,0.0,North,10000.0
Unknown,john,India,Laptop,2026-01-05,5.0,Unknown,Unknown,Unknown,Unknown
s1381,john,India,Laptop,,5.0,5000.0,Unknown,North,Unknown
S1382,john,Unknown,Phone,,5.0,Unknown,10.0,North,Unknown
s1383,unknown,India,Laptop,2026-01-05,2.0,Unknown,Unknown,North,Unknown
Unknown,john,Unknown,Laptop,2026-01-05,Unknown,Unknown,Unknown,North,25000.0
S1385,john,Usa,Unknown,2026-01-05,2.0,5000.0,Unknown,North,25000.0
Unknown,john,India,Unknown,2026-01-05,Unknown,5000.0,5.0,North,Unknown
S1387,john,Usa,Laptop,,Unknown,5000.0,5.0,North,5000.0
Unknown,unknown,India,Phone,2026-01-05,2.0,5000.0,5.0,North,Unknown
Unknown,john,Usa,Laptop,2026-01-05,Unknown,1000.0,10.0,North,5000.0
S1390,john,Usa,Unknown,,Unknown,1000.0,5.0,Unknown,5000.0
s1391,john,Unknown,Laptop,2026-01-05,Unknown,1000.0,10.0,North,Unknown
s1392,john,India,Phone,2026-01-05,5.0,Unknown,Unknown,Unknown,5000.0
S1393,john,India,Laptop,,5.0,1000.0,5.0,Unknown,5000.0
s1394,john,India,Laptop,2026-01-05,1.0,Unknown,Unknown,North,25000.0
Unknown,unknown,India,Laptop,2026-01-05,Unknown,2500.0,5.0,North,10000.0
S1396,john,India,Laptop,2026-01-05,2.0,5000.0,5.0,North,Unknown
s1397,john,Unknown,Laptop,2026-01-05,2.0,1000.0,10.0,Unknown,10000.0
s1398,john,India,Phone,,Unknown,5000.0,10.0,North,5000.0
Unknown,unknown,India,Laptop,2026-01-05,1.0,5000.0,0.0,North,5000.0
Unknown,unknown,India,Laptop,2026-01-05,Unknown,1000.0,0.0,North,Unknown
s1401,john,India,Phone,,Unknown,1000.0,5.0,North,Unknown
S1402,mary,India,Laptop,2026-01-05,5.0,Unknown,5.0,North,25000.0
Unknown,mary,India,Unknown,,Unknown,Unknown,10.0,North,10000.0
Unknown,unknown,India,Laptop,2026-01-05,Unknown,1000.0,Unknown,North,Unknown
s1405,john,India,Laptop,,Unknown,Unknown,5.0,North,10000.0
s1406,mary,India,Unknown,,5.0,Unknown,Unknown,North,5000.0
s1407,john,India,Laptop,2026-01-05,Unknown,5000.0,10.0,Unknown,Unknown
Unknown,john,Unknown,Unknown,,1.0,2500.0,Unknown,North,5000.0
Unknown,unknown,Unknown,Laptop,2026-01-05,2.0,Unknown,Unknown,North,Unknown
S1410,mary,India,Laptop,,Unknown,2500.0,Unknown,Unknown,10000.0
S1411,john,Unknown,Laptop,,Unknown,Unknown,Unknown,Unknown,10000.0
S1412,unknown,India,Laptop,,Unknown,5000.0,Unknown,Unknown,25000.0
S1413,mary,India,Laptop,2026-01-05,1.0,2500.0,10.0,North,Unknown
s1414,mary,India,Phone,,2.0,Unknown,0.0,North,10000.0
Unknown,unknown,Usa,Laptop,2026-01-05,5.0,1000.0,Unknown,North,25000.0
S1416,john,Unknown,Phone,,Unknown,1000.0,0.0,North,25000.0
s1417,unknown,India,Laptop,,Unknown,2500.0,5.0,North,25000.0
Unknown,john,India,Laptop,2026-01-05,5.0,5000.0,Unknown,North,Unknown
Unknown,john,India,Laptop,,2.0,2500.0,Unknown,Unknown,10000.0
S1420,mary,Usa,Laptop,,Unknown,Unknown,0.0,North,Unknown
s1421,unknown,Usa,Laptop,2026-01-05,1.0,5000.0,Unknown,North,25000.0
Unknown,mary,India,Unknown,,Unknown,2500.0,10.0,North,Unknown
S1423,mary,India,Laptop,2026-01-05,1.0,2500.0,10.0,North,Unknown
Unknown,mary,Usa,Laptop,2026-01-05,Unknown,Unknown,10.0,Unknown,Unknown
Unknown,unknown,India,Unknown,,Unknown,5000.0,5.0,Unknown,Unknown
S1426,john,India,Phone,,5.0,5000.0,0.0,North,5000.0
s1427,unknown,India,Laptop,,Unknown,Unknown,Unknown,North,Unknown
Unknown,john,Unknown,Phone,2026-01-05,1.0,1000.0,10.0,North,Unknown
Unknown,mary,Usa,Unknown,,Unknown,2500.0,5.0,Unknown,10000.0
S1430,john,Unknown,Phone,,Unknown,1000.0,5.0,North,Unknown
Unknown,john,Unknown,Laptop,2026-01-05,5.0,Unknown,Unknown,North,Unknown
S1432,john,India,Laptop,,Unknown,1000.0,Unknown,North,5000.0
Unknown,unknown,India,Laptop,2026-01-05,1.0,Unknown,0.0,North,10000.0
S1434,john,Usa,Laptop,,Unknown,2500.0,0.0,North,Unknown
Unknown,john,India,Laptop,2026-01-05,5.0,Unknown,10.0,North,10000.0
s1436,john,India,Laptop,,Unknown,2500.0,Unknown,North,Unknown
s1437,john,Usa,Phone,,2.0,Unknown,Unknown,North,5000.0
s1438,mary,India,Laptop,,Unknown,Unknown,5.0,Unknown,Unknown
s1439,john,India,Laptop,2026-01-05,Unknown,2500.0,5.0,Unknown,Unknown
Unknown,john,India,Phone,,5.0,5000.0,5.0,North,Unknown
s1441,unknown,Unknown,Unknown,2026-01-05,Unknown,Unknown,5.0,Unknown,Unknown
S1442,john,India,Laptop,,Unknown,2500.0,10.0,North,5000.0
Unknown,john,India,Laptop,,Unknown,Unknown,Unknown,North,5000.0
s1444,unknown,Usa,Laptop,2026-01-05,Unknown,2500.0,Unknown,North,5000.0
Unknown,john,India,Unknown,2026-01-05,5.0,2500.0,10.0,North,5000.0
Unknown,unknown,Unknown,Phone,,5.0,5000.0,0.0,Unknown,Unknown
S1447,unknown,Usa,Phone,,1.0,Unknown,5.0,Unknown,5000.0
Unknown,unknown,Unknown,Unknown,,5.0,Unknown,5.0,North,Unknown
S1449,john,Unknown,Laptop,2026-01-05,Unknown,Unknown,0.0,North,Unknown
s1450,mary,India,Phone,,Unknown,5000.0,Unknown,North,25000.0
S1451,mary,India,Laptop,2026-01-05,Unknown,2500.0,0.0,North,Unknown
s1452,john,India,Unknown,2026-01-05,Unknown,1000.0,0.0,North,Unknown
s1453,mary,Unknown,Laptop,,Unknown,2500.0,0.0,Unknown,5000.0
s1454,john,India,Laptop,2026-01-05,1.0,5000.0,Unknown,North,5000.0
S1455,mary,India,Laptop,2026-01-05,Unknown,Unknown,0.0,North,25000.0
S1456,unknown,India,Laptop,2026-01-05,Unknown,Unknown,5.0,North,Unknown
s1457,john,Usa,Laptop,,5.0,1000.0,10.0,North,25000.0
Unknown,john,India,Unknown,,Unknown,5000.0,0.0,Unknown,25000.0
S1459,mary,India,Laptop,2026-01-05,Unknown,Unknown,Unknown,North,Unknown
S1460,mary,India,Laptop,,Unknown,Unknown,Unknown,North,25000.0
s1461,mary,India,Laptop,,5.0,1000.0,Unknown,Unknown,Unknown
Unknown,mary,Unknown,Laptop,2026-01-05,5.0,1000.0,10.0,North,5000.0
S1463,john,Unknown,Phone,2026-01-05,2.0,1000.0,0.0,North,Unknown
s1464,mary,Unknown,Laptop,2026-01-05,Unknown,1000.0,Unknown,North,Unknown
Unknown,mary,India,Laptop,,Unknown,5000.0,Unknown,North,10000.0
s1466,mary,India,Phone,,Unknown,2500.0,Unknown,Unknown,Unknown
Unknown,mary,India,Laptop,2026-01-05,5.0,Unknown,Unknown,North,Unknown
s1468,unknown,India,Laptop,2026-01-05,1.0,Unknown,10.0,North,Unknown
S1469,mary,Usa,Laptop,,1.0,1000.0,Unknown,Unknown,10000.0
s1470,john,India,Laptop,2026-01-05,1.0,2500.0,0.0,North,10000.0
S1471,john,India,Laptop,2026-01-05,1.0,Unknown,Unknown,North,Unknown
s1472,unknown,Unknown,Unknown,,2.0,5000.0,5.0,Unknown,Unknown
s1473,unknown,Unknown,Laptop,2026-01-05,Unknown,Unknown,0.0,North,25000.0
S1474,unknown,India,Phone,2026-01-05,Unknown,Unknown,5.0,North,10000.0
S1475,mary,Usa,Laptop,2026-01-05,2.0,2500.0,5.0,North,Unknown
s1476,mary,India,Laptop,,2.0,5000.0,5.0,North,25000.0
s1477,mary,Unknown,Laptop,2026-01-05,Unknown,Unknown,10.0,Unknown,5000.0
S1478,john,India,Laptop,,Unknown,Unknown,Unknown,North,Unknown
S1479,john,India,Laptop,2026-01-05,1.0,2500.0,10.0,North,Unknown
s1480,john,India,Laptop,,Unknown,5000.0,0.0,North,Unknown
Unknown,john,India,Unknown,2026-01-05,Unknown,Unknown,5.0,Unknown,5000.0
Unknown,mary,India,Laptop,,5.0,1000.0,0.0,North,Unknown
Unknown,john,India,Laptop,2026-01-05,Unknown,Unknown,0.0,North,25000.0
Unknown,john,India,Phone,,5.0,Unknown,5.0,Unknown,25000.0
S1485,mary,India,Laptop,2026-01-05,Unknown,Unknown,0.0,Unknown,10000.0
S1486,unknown,India,Unknown,2026-01-05,5.0,2500.0,Unknown,North,10000.0
S1487,john,India,Laptop,2026-01-05,Unknown,5000.0,10.0,North,10000.0
s1488,john,India,Laptop,2026-01-05,5.0,Unknown,5.0,North,5000.0
S1489,unknown,India,Laptop,2026-01-05,Unknown,1000.0,10.0,North,Unknown
Unknown,john,Unknown,Laptop,,2.0,5000.0,10.0,North,10000.0
s1491,john,India,Laptop,,Unknown,5000.0,Unknown,North,10000.0
s1492,john,India,Laptop,,5.0,5000.0,Unknown,North,10000.0
s1493,john,India,Laptop,2026-01-05,Unknown,Unknown,Unknown,North,Unknown
s1494,john,India,Phone,2026-01-05,5.0,2500.0,10.0,North,Unknown
s1495,unknown,Unknown,Laptop,,Unknown,5000.0,Unknown,North,Unknown
s1496,john,Unknown,Laptop,,1.0,1000.0,5.0,Unknown,Unknown
S1497,john,India,Unknown,2026-01-05,2.0,Unknown,0.0,North,5000.0
s1498,john,Usa,Laptop,,Unknown,2500.0,Unknown,North,25000.0
s1499,unknown,India,Phone,,2.0,Unknown,10.0,North,10000.0
